{
  "actions": [
    {
      "name": "/actions/default/in/InteractUI",
      "type": "boolean"
    },
    {
      "name": "/actions/default/in/Teleport",
      "type": "boolean"
    },
    {
      "name": "/actions/default/in/GrabPinch",
      "type": "boolean"
    },
    {
      "name": "/actions/default/in/GrabGrip",
      "type": "boolean"
    },
    {
      "name": "/actions/default/in/Pose",
      "type": "pose"
    },
    {
      "name": "/actions/default/in/SkeletonLeftHand",
      "type": "skeleton",
      "skeleton": "/skeleton/hand/left"
    },
    {
      "name": "/actions/default/in/SkeletonRightHand",
      "type": "skeleton",
      "skeleton": "/skeleton/hand/right"
    },
    {
      "name": "/actions/default/in/Squeeze",
      "type": "vector1",
      "requirement": "optional"
    },
    {
      "name": "/actions/default/in/ThumbStickPos",
      "type": "vector2"
    },
    {
      "name": "/actions/default/in/Menu",
      "type": "boolean"
    },
    {
      "name": "/actions/default/out/Haptic",
      "type": "vibration"
    },
    {
      "name": "/actions/platformer/in/Move",
      "type": "vector2"
    },
    {
      "name": "/actions/platformer/in/Jump",
      "type": "boolean"
    },
    {
      "name": "/actions/buggy/in/Steering",
      "type": "vector2"
    },
    {
      "name": "/actions/buggy/in/Throttle",
      "type": "vector1"
    },
    {
      "name": "/actions/buggy/in/Brake",
      "type": "boolean"
    },
    {
      "name": "/actions/buggy/in/Reset",
      "type": "boolean"
    },
    {
      "name": "/actions/CinextActionSet/in/InteractUI",
      "type": "boolean"
    },
    {
      "name": "/actions/CinextActionSet/in/Teleport",
      "type": "boolean"
    },
    {
      "name": "/actions/CinextActionSet/in/GrabPinch",
      "type": "boolean"
    },
    {
      "name": "/actions/CinextActionSet/in/GrabGrip",
      "type": "boolean"
    },
    {
      "name": "/actions/CinextActionSet/in/Pose",
      "type": "pose"
    },
    {
      "name": "/actions/CinextActionSet/in/SkeletonLeftHand",
      "type": "skeleton",
      "skeleton": "/skeleton/hand/left"
    },
    {
      "name": "/actions/CinextActionSet/in/SkeletonRightHand",
      "type": "skeleton",
      "skeleton": "/skeleton/hand/right"
    },
    {
      "name": "/actions/CinextActionSet/in/Squeeze",
      "type": "vector1"
    },
    {
      "name": "/actions/CinextActionSet/in/ThumbStickPos",
      "type": "vector2"
    },
    {
      "name": "/actions/CinextActionSet/in/Menu",
      "type": "boolean"
    },
    {
      "name": "/actions/TexturePainterSet/in/PaintTrees",
      "type": "boolean"
    },
    {
      "name": "/actions/TrillionTreesUI/in/Select",
      "type": "boolean",
      "requirement": "suggested"
    },
    {
      "name": "/actions/TrillionTreesUI/in/Grab",
      "type": "boolean"
    }
  ],
  "action_sets": [
    {
      "name": "/actions/default",
      "usage": "single"
    },
    {
      "name": "/actions/platformer",
      "usage": "single"
    },
    {
      "name": "/actions/buggy",
      "usage": "single"
    },
    {
      "name": "/actions/CinextActionSet",
      "usage": "single"
    },
    {
      "name": "/actions/TexturePainterSet",
      "usage": "single"
    },
    {
      "name": "/actions/TrillionTreesUI",
      "usage": "single"
    }
  ],
  "default_bindings": [
    {
      "controller_type": "vive_controller",
      "binding_url": "bindings_vive_controller.json"
    },
    {
      "controller_type": "oculus_touch",
      "binding_url": "bindings_oculus_touch.json"
    },
    {
      "controller_type": "vive",
      "binding_url": "binding_vive.json"
    },
    {
      "controller_type": "vive_pro",
      "binding_url": "binding_vive_pro.json"
    },
    {
      "controller_type": "rift",
      "binding_url": "binding_rift.json"
    }
  ],
  "localization": [
    {
      "language_tag": "en_US",
      "/actions/default/in/GrabGrip": "Grab Grip",
      "/actions/default/in/GrabPinch": "Grab Pinch",
      "/actions/default/in/InteractUI": "Interact With UI",
      "/actions/default/in/Pose": "Pose",
      "/actions/default/in/SkeletonLeftHand": "Skeleton (Left)",
      "/actions/default/in/SkeletonRightHand": "Skeleton (Right)",
      "/actions/default/in/Teleport": "Teleport",
      "/actions/default/out/Haptic": "Haptic",
      "/actions/platformer/in/Jump": "Jump"
    }
  ]
}